{
  "arm-eabi-5.1": 8.046168603003025, 
  "aarch64-linux-android-4.9-kernel": 6.752389274537563, 
  "arm-eabi-4.9": 6.50997181981802, 
  "arm-eabi-4.8": 5.881304696202278, 
  "repo": 1.1791489124298096, 
  "arm-linux-androideabi-5.1": 13.573086999356747, 
  "arm-eabi-6.0": 10.673143848776817, 
  "arm-linux-androideabi-4.8": 6.297815389931202, 
  "arm-linux-androideabi-4.9": 10.266236580908298
}